date,period_start,long_ret,short_ret,strategy_ret,turnover,cost,strategy_ret_net,ic,n_long,n_short,universe_size
2019-04-05,2019-03-29,0.024780102294760725,0.022927325811213803,0.0009263882417734608,1.0,0.0005,0.00042638824177346083,-0.10955818014323501,38,38,381
2019-04-12,2019-04-05,0.002583263504768113,0.018717193302317307,-0.008066964898774598,1.8421052631578947,0.0009210526315789473,-0.008988017530353545,-0.21177686157749728,38,38,381
2019-04-18,2019-04-12,-0.013628778627342776,-0.0032357025067930737,-0.005196538060274852,1.6315789473684208,0.0008157894736842104,-0.006012327533959062,-0.22987086087287023,38,38,383
2019-04-26,2019-04-18,0.02180279085689208,-0.009830099150427672,0.015816445003659876,1.5526315789473681,0.0007763157894736841,0.015040129214186192,0.25601763334670113,38,38,384
2019-05-03,2019-04-26,0.0041531970951543965,0.01126721482251713,-0.003557008863681367,1.9736842105263155,0.0009868421052631577,-0.004543850968944525,-0.06920522362754739,38,38,384
2019-05-10,2019-05-03,-0.01853225384539494,-0.017834777676879424,-0.00034873808425775824,1.789473684210526,0.000894736842105263,-0.0012434749263630213,-0.025924858431385846,38,38,384
2019-05-17,2019-05-10,-0.03911600889689682,0.0016577266200360865,-0.020386867758466452,1.8421052631578947,0.0009210526315789473,-0.0213079203900454,-0.47420348974069965,38,38,384
2019-05-24,2019-05-17,-0.017965787378964548,-0.005259162736599344,-0.006353312321182601,1.6315789473684208,0.0008157894736842104,-0.007169101794866812,-0.22641442656310573,38,38,384
2019-05-31,2019-05-24,-0.030286435333860714,-0.021434774722330047,-0.004425830305765334,1.736842105263158,0.000868421052631579,-0.005294251358396913,-0.1405700341990033,38,38,384
2019-06-07,2019-05-31,0.048548523409015554,0.04786355208087637,0.000342485664069591,1.5526315789473684,0.0007763157894736842,-0.0004338301254040932,0.015125272070571981,38,38,384
2019-06-14,2019-06-07,0.015802419151651904,0.0017602671517529752,0.007021075999949464,1.6842105263157894,0.0008421052631578947,0.006178970736791569,0.175267569728242,38,38,384
2019-06-21,2019-06-14,0.02896774069042136,0.015155918560633091,0.006905911064894135,1.8157894736842104,0.0009078947368421053,0.00599801632805203,0.1626598228300915,38,38,385
2019-06-28,2019-06-21,0.0015538658736803234,0.0024977445811662385,-0.00047193935374295756,1.9210526315789473,0.0009605263157894737,-0.0014324656695324312,-0.04265622294262488,38,38,385
2019-07-05,2019-06-28,0.021735968832767173,0.00996428078439523,0.005885844024185971,1.8157894736842104,0.0009078947368421053,0.004977949287343866,0.2428772886238782,38,38,385
2019-07-12,2019-07-05,0.008385544594398036,0.007085202507416662,0.0006501710434906869,1.657894736842105,0.0008289473684210526,-0.00017877632493036567,0.0005635556153690869,38,38,385
2019-07-19,2019-07-12,-0.0027516942565615475,-0.008214442165152486,0.0027313739542954695,1.7105263157894735,0.0008552631578947368,0.0018761107964007327,0.06924925859472249,38,38,386
2019-07-26,2019-07-19,0.018124686458923595,0.015061724518927186,0.0015314809699982041,1.789473684210526,0.000894736842105263,0.0006367441278929411,0.07437510461934894,38,38,386
2019-08-02,2019-07-26,-0.016078526830398666,-0.041951955374216275,0.012936714271908805,1.789473684210526,0.000894736842105263,0.012041977429803542,0.19761197953751275,38,38,386
2019-08-09,2019-08-02,-0.016358470448328676,0.012080197203720278,-0.014219333826024477,1.894736842105263,0.0009473684210526315,-0.015166702247077108,-0.31653748508791285,38,38,386
2019-08-16,2019-08-09,-0.020361731484747594,-0.0018072623299723268,-0.009277234577387633,1.5789473684210524,0.0007894736842105262,-0.010066708261598159,-0.2931841263929467,38,38,386
2019-08-23,2019-08-16,-0.019127012123217105,-0.006615315009629562,-0.006255848556793772,1.763157894736842,0.0008815789473684211,-0.007137427504162193,-0.20236632066973073,38,38,386
2019-08-30,2019-08-23,0.025656089919379427,0.024087682144883507,0.0007842038872479598,1.736842105263158,0.000868421052631579,-8.421716538361916e-05,0.1906294452625336,38,38,386
2019-09-06,2019-08-30,0.013833907240197481,0.027003950064074845,-0.006585021411938682,1.763157894736842,0.0008815789473684211,-0.007466600359307103,-0.10531504082534326,38,38,386
2019-09-13,2019-09-06,-0.012737033701558721,0.02723704055016409,-0.019987037125861404,1.7105263157894735,0.0008552631578947368,-0.02084230028375614,-0.32383280538326026,38,38,386
2019-09-20,2019-09-13,0.02207309432568273,-0.024443954719585357,0.023258524522634043,1.7368421052631577,0.0008684210526315789,0.022390103470002466,0.5383969245967118,38,38,386
2019-09-27,2019-09-20,-0.00577248708074791,-0.015942093731745387,0.005084803325498739,1.9999999999999998,0.0009999999999999998,0.004084803325498739,0.04000398733712706,38,38,386
2019-10-04,2019-09-27,-0.0019928730378147427,-0.006971688524903497,0.002489407743544377,1.8157894736842104,0.0009078947368421053,0.0015815130067022717,0.08363048837892516,38,38,386
2019-10-11,2019-10-04,0.021457899453853055,0.0030793707809614293,0.009189264336445813,1.8421052631578947,0.0009210526315789473,0.008268211704866866,0.29114461725641616,38,38,386
2019-10-18,2019-10-11,0.002715257817560581,0.013908375557231819,-0.005596558869835619,1.8947368421052633,0.0009473684210526316,-0.006543927290888251,-0.18540573417325226,38,38,386
2019-10-25,2019-10-18,0.015540025658357496,0.012619589767949576,0.00146021794520396,1.8157894736842104,0.0009078947368421053,0.0005523232083618548,-0.0668947817585773,38,38,387
2019-11-01,2019-10-25,0.006932574872132338,0.01594505709328319,-0.004506241110575425,1.7105263157894737,0.0008552631578947369,-0.0053615042684701615,-0.05628405816935153,38,38,387
2019-11-08,2019-11-01,-0.004843735717161907,0.008626711111491875,-0.006735223414326891,1.763157894736842,0.0008815789473684211,-0.0076168023616953115,-0.19096109947007986,38,38,387
2019-11-15,2019-11-08,0.02128105240666326,0.0008723205541746502,0.010204365926244305,1.8157894736842106,0.0009078947368421054,0.0092964711894022,0.3423167367078135,38,38,387
2019-11-22,2019-11-15,-0.004736152104457114,-0.003419691906436297,-0.0006582300990104087,1.9210526315789473,0.0009605263157894737,-0.0016187564147998824,-0.015479445418215833,38,38,387
2019-11-29,2019-11-22,0.016479529418258095,0.010068660239201388,0.0032054345895283533,1.789473684210526,0.000894736842105263,0.00231069774742309,0.130609975501643,38,38,387
2019-12-06,2019-11-29,0.003279887159994829,-0.0012794649394278388,0.002279676049711334,1.7105263157894737,0.0008552631578947369,0.001424412891816597,-0.027078574034299665,38,38,387
2019-12-13,2019-12-06,0.013420404588006465,0.012493622476753327,0.00046339105562656895,1.8684210526315788,0.0009342105263157894,-0.0004708194706892205,-0.04567374283077206,38,38,387
2019-12-20,2019-12-13,0.011707554846934462,0.013059842269999117,-0.0006761437115323276,1.789473684210526,0.000894736842105263,-0.0015708805536375906,0.02686512283497196,38,38,387
2019-12-27,2019-12-20,0.005298622101927395,0.00013668707813966515,0.002580967511893865,1.868421052631579,0.0009342105263157896,0.0016467569855780754,0.09636197967833447,38,38,387
2020-01-03,2019-12-27,-0.0020995553224401726,0.005305717713024113,-0.0037026365177321423,1.6842105263157894,0.0008421052631578947,-0.004544741780890037,-0.0770957829295763,38,38,387
2020-01-10,2020-01-03,-0.0025056976289488664,0.005477856374225455,-0.003991777001587161,1.7105263157894735,0.0008552631578947368,-0.004847040159481898,-0.09502531874622414,38,38,387
2020-01-17,2020-01-10,0.017388777211767285,0.022418295025532435,-0.002514758906882575,1.6052631578947367,0.0008026315789473684,-0.003317390485829943,-0.08648539197990568,38,38,387
2020-01-24,2020-01-17,-0.01046034501391048,-0.0025135262340578958,-0.003973409389926292,1.763157894736842,0.0008815789473684211,-0.004854988337294712,-0.18229745727655675,38,38,387
2020-01-31,2020-01-24,-0.038682505193246376,-0.00857413904190107,-0.015054183075672654,1.5789473684210527,0.0007894736842105263,-0.015843656759883182,-0.3568296410504915,38,38,387
2020-02-07,2020-01-31,0.026254406925062052,0.017161426922978718,0.004546490001041667,1.6842105263157894,0.0008421052631578947,0.003704384737883772,0.16761573145276065,38,38,387
2020-02-14,2020-02-07,0.019303160878243287,0.013641484603677345,0.002830838137282971,1.8421052631578947,0.0009210526315789473,0.0019097855057040236,0.15779092334645545,38,38,387
2020-02-21,2020-02-14,-0.008556803060908192,0.0026813678519235803,-0.005619085456415886,1.9210526315789473,0.0009605263157894737,-0.0065796117722053595,0.005356708815577914,38,38,387
2020-02-28,2020-02-21,-0.1189754645563887,-0.11430607155646505,-0.002334696499961826,1.5526315789473686,0.0007763157894736843,-0.0031110122894355105,0.012117553185102003,38,38,387
2020-03-06,2020-02-28,-0.03852033382379777,0.022742000751525427,-0.030631167287661597,1.8157894736842106,0.0009078947368421054,-0.031539062024503704,-0.2785598314540443,38,38,387
2020-03-13,2020-03-06,-0.1530938305189756,-0.1005363218245304,-0.0262787543472226,1.526315789473684,0.000763157894736842,-0.02704191224195944,-0.17465462861629089,38,38,387
2020-03-20,2020-03-13,-0.152998915030614,-0.12493262582338083,-0.014033144603616585,1.6842105263157894,0.0008421052631578947,-0.014875249866774479,-0.0957474692640897,38,38,387
2020-03-27,2020-03-20,0.20495042394982826,0.03516466852794199,0.08489287771094314,1.736842105263158,0.000868421052631579,0.08402445665831157,0.5742794333271636,38,38,387
2020-04-03,2020-03-27,-0.0019203187485041444,-0.06866992061959967,0.03337480093554777,1.9736842105263157,0.000986842105263158,0.032387958830284606,0.30064858457300747,38,38,387
2020-04-09,2020-04-03,0.2575473277332536,0.05258555437648321,0.1024808866783852,1.9473684210526316,0.0009736842105263158,0.10150720246785888,0.7571926624907341,38,38,387
2020-04-17,2020-04-09,0.08051714379381515,-0.039601679131585577,0.060059411462700364,1.9736842105263157,0.000986842105263158,0.0590725693574372,0.5085885808293055,38,38,387
2020-04-24,2020-04-17,-0.032419874983160735,-0.004536281339612971,-0.013941796821773881,2.0,0.001,-0.014941796821773882,-0.18224486948081767,38,38,387
2020-05-01,2020-04-24,0.012925918987423905,-0.0006434141163169357,0.00678466655187042,1.789473684210526,0.000894736842105263,0.005889929709765157,0.07269091124072175,38,38,389
2020-05-08,2020-05-01,0.02586966307862496,0.04792248199343793,-0.011026409457406487,1.8157894736842104,0.0009078947368421053,-0.011934304194248593,-0.10618882879503558,38,38,389
2020-05-15,2020-05-08,-0.05067827099673104,-0.015517606981148194,-0.017580332007791424,1.6578947368421053,0.0008289473684210527,-0.01840927937621248,-0.11504518591153633,38,38,389
2020-05-22,2020-05-15,0.08045652519491837,-0.00011286514971247341,0.04028469517231542,1.736842105263158,0.000868421052631579,0.03941627411968384,0.5378450611482706,38,38,389
2020-05-29,2020-05-22,0.023151064698100215,0.03849567466700721,-0.007672304984453496,1.9736842105263155,0.0009868421052631577,-0.008659147089716653,-0.11377900185310146,38,38,389
2020-06-05,2020-05-29,0.04951220577165886,0.03967361146601842,0.004919297152820218,1.6578947368421053,0.0008289473684210527,0.0040903497843991655,-0.05855780188327296,38,38,389
2020-06-12,2020-06-05,-0.015211544221795074,-0.0908574095671788,0.037822932672691864,1.8684210526315788,0.0009342105263157894,0.03688872214637608,0.5868560268607973,38,38,389
2020-06-19,2020-06-12,0.0102561891650976,0.04483703522375653,-0.017290423029329465,1.9736842105263157,0.000986842105263158,-0.018277265134592623,-0.1979564918689823,38,38,389
2020-06-26,2020-06-19,-0.037760804329144616,-0.03564303851328317,-0.0010588829079307242,1.526315789473684,0.000763157894736842,-0.0018220408026675661,-0.05672060163619277,38,38,389
2020-07-02,2020-06-26,0.0439801182205581,0.03010400309529393,0.006938057562632084,1.736842105263158,0.000868421052631579,0.006069636510000505,0.15333996562894345,38,38,389
2020-07-10,2020-07-02,0.007780754587790183,0.005116639838855431,0.0013320573744673757,1.6315789473684208,0.0008157894736842104,0.0005162679007831653,0.11779425885115866,38,38,389
2020-07-17,2020-07-10,0.03749152034983155,-0.00995367037621332,0.023722595363022438,1.789473684210526,0.000894736842105263,0.022827858520917173,0.30727235290879845,38,38,389
2020-07-24,2020-07-17,-0.007732157665652877,0.008104481442678502,-0.007918319554165689,1.9473684210526314,0.0009736842105263157,-0.008892003764692005,-0.08827470385414045,38,38,389
2020-07-31,2020-07-24,0.023847373996909792,0.005286746037986076,0.009280313979461857,1.6842105263157894,0.0008421052631578947,0.008438208716303963,0.0669367289062901,38,38,389
2020-08-07,2020-07-31,0.03664927829586704,0.009675553830181427,0.013486862232842806,1.9210526315789471,0.0009605263157894736,0.012526335917053332,0.1890577315510398,38,38,389
2020-08-14,2020-08-07,0.004873275695077707,0.022096141280482755,-0.008611432792702524,1.9473684210526314,0.0009736842105263157,-0.00958511700322884,-0.2546821900438099,38,38,389
2020-08-21,2020-08-14,-0.006586723472965943,-0.029140372769301107,0.011276824648167582,1.6842105263157894,0.0008421052631578947,0.010434719385009688,0.2156771567022541,38,38,389
2020-08-28,2020-08-21,0.04043814297641668,0.026830808838176814,0.006803667069119933,1.8684210526315788,0.0009342105263157894,0.005869456542804144,0.2016072444238771,38,38,389
2020-09-04,2020-08-28,-0.020254122133728146,-0.009793921072711124,-0.005230100530508511,1.8947368421052628,0.0009473684210526314,-0.006177468951561143,-0.18119336471442055,38,38,389
2020-09-11,2020-09-04,-0.015237328269780906,-0.012831799290452873,-0.0012027644896640162,1.7368421052631577,0.0008684210526315789,-0.0020711855422955953,0.0008413365978362137,38,38,389
2020-09-18,2020-09-11,0.011568104247093225,0.009222141524809735,0.001172981361141745,1.5789473684210527,0.0007894736842105263,0.0003835076769312187,-0.08959205266151442,38,38,389
2020-09-25,2020-09-18,-0.0034451701253647685,-0.03720068777884933,0.01687775882674228,1.657894736842105,0.0008289473684210526,0.016048811458321224,0.2707102062625356,38,38,389
2020-10-02,2020-09-25,0.03706935786843977,0.01647933023922257,0.0102950138146086,1.9210526315789473,0.0009605263157894737,0.009334487498819126,0.190255733618998,38,38,389
2020-10-09,2020-10-02,0.028758763893338722,0.02953583385812346,-0.00038853498239236825,1.9210526315789473,0.0009605263157894737,-0.001349061298181842,-0.03353451241081125,38,38,389
2020-10-16,2020-10-09,-0.005921629604350583,0.007500862841196183,-0.006711246222773383,1.763157894736842,0.0008815789473684211,-0.0075928251701418035,-0.06382191796111543,38,38,389
2020-10-23,2020-10-16,0.009009677151845794,-0.0012768058729777376,0.005143241512411766,1.7631578947368418,0.000881578947368421,0.004261662565043345,-0.017708640612204868,38,38,389
2020-10-30,2020-10-23,-0.04475124527996694,-0.05861468723827873,0.006931720979155894,1.894736842105263,0.0009473684210526315,0.0059843525581032625,0.030949654546348473,38,38,389
2020-11-06,2020-10-30,0.07540095938269445,0.05661155185992398,0.009394703761385233,1.763157894736842,0.0008815789473684211,0.008513124814016813,0.1376358992026975,38,38,389
2020-11-13,2020-11-06,0.09844700369511739,0.019437006558188204,0.039504998568464594,1.8684210526315788,0.0009342105263157894,0.03857078804214881,0.28959735306169465,38,38,389
2020-11-20,2020-11-13,0.008170175997431545,0.01967986118273517,-0.005754842592651813,1.9210526315789471,0.0009605263157894736,-0.006715368908441286,-0.06807548585302806,38,38,389
2020-11-27,2020-11-20,0.009916604885958039,0.047500223508073404,-0.018791809311057683,1.6578947368421053,0.0008289473684210527,-0.019620756679478737,-0.25066815621502503,38,38,389
2020-12-04,2020-11-27,0.010812892665157515,0.03197507815202227,-0.010581092743432375,1.394736842105263,0.0006973684210526315,-0.011278461164485007,-0.15943685286700685,38,38,389
2020-12-11,2020-12-04,-0.0017203478049205388,-0.0039006785005056862,0.0010901653477925737,1.7105263157894737,0.0008552631578947369,0.00023490218989783687,0.059006297283137187,38,38,389
2020-12-18,2020-12-11,0.011699500333895338,0.014689588385344779,-0.0014950440257247202,1.763157894736842,0.0008815789473684211,-0.0023766229730931413,-0.028361829779686827,38,38,389
2020-12-24,2020-12-18,0.0010468915079739057,-0.0029374043939466854,0.0019921479509602954,1.8157894736842106,0.0009078947368421054,0.00108425321411819,0.09171445521059918,38,38,389
2020-12-31,2020-12-24,0.017507745940050307,0.011987043238390453,0.002760351350829927,1.5789473684210527,0.0007894736842105263,0.0019708776666194005,0.153165867869178,38,38,389
2021-01-08,2020-12-31,0.02396549883128137,0.0059276313212643225,0.009018933755008523,1.8421052631578947,0.0009210526315789473,0.008097881123429575,0.18133189787616544,38,38,389
2021-01-15,2021-01-08,0.00653496629150209,0.013830702858649659,-0.003647868283573784,1.8684210526315788,0.0009342105263157894,-0.004582078809889574,-0.02958061753640551,38,38,389
2021-01-22,2021-01-15,0.009009323220242069,-0.004785900880137289,0.006897612050189679,1.7692307692307692,0.0008846153846153846,0.006012996665574294,0.10872677375599622,39,39,391
2021-01-29,2021-01-22,-0.04016396421683572,-0.024359090164961676,-0.007902437025937022,1.8461538461538458,0.000923076923076923,-0.008825513949013944,-0.2050775494144146,39,39,391
2021-02-05,2021-01-29,0.08348825243378916,0.015558902872296004,0.03396467478074658,1.717948717948718,0.000858974358974359,0.03310570042177222,0.426911433469709,39,39,391
2021-02-12,2021-02-05,0.005985687409137747,0.021981543122838138,-0.007997927856850195,1.9487179487179487,0.0009743589743589744,-0.00897228683120917,-0.1584050756626269,39,39,391
2021-02-19,2021-02-12,0.0021554837399343184,-0.007404011967745747,0.0047797478538400325,1.7692307692307692,0.0008846153846153846,0.003895132469224648,-0.004720617343927538,39,39,391
2021-02-26,2021-02-19,-0.03863877451318216,0.003141351021354767,-0.02089006276726846,1.6923076923076923,0.0008461538461538462,-0.02173621661342231,-0.24238437850056416,39,39,391
2021-03-05,2021-02-26,-0.0049031647339020145,0.02902561349152995,-0.016964389112715982,1.6153846153846152,0.0008076923076923077,-0.01777208142040829,-0.2735476799415419,39,39,391
2021-03-12,2021-03-05,0.04483623778046697,0.028902663109048758,0.007966787335709106,1.5641025641025639,0.0007820512820512819,0.007184736053657824,0.04855801852513581,39,39,391
2021-03-19,2021-03-12,0.001443893351039341,0.0038923666844733387,-0.001224236666716999,1.8974358974358974,0.0009487179487179487,-0.0021729546154349477,0.012298447424107378,39,39,392
2021-03-26,2021-03-19,0.02806657766608903,0.016812314160690917,0.005627131752699056,1.7948717948717947,0.0008974358974358973,0.004729695855263159,0.00791717678633622,39,39,392
2021-04-01,2021-03-26,0.008755910555108985,-0.004270855700309774,0.00651338312770938,1.8205128205128205,0.0009102564102564102,0.005603126717452969,0.14762878600509918,39,39,392
2021-04-09,2021-04-01,0.01634264940865583,0.022977570394944385,-0.0033174604931442784,1.641025641025641,0.0008205128205128205,-0.004137973313657099,-0.17034945408631424,39,39,392
2021-04-16,2021-04-09,0.023306003376719134,0.013939058882225725,0.004683472247246704,1.6153846153846154,0.0008076923076923078,0.0038757799395543963,0.0931131164712815,39,39,392
2021-04-23,2021-04-16,-3.433134133830803e-05,0.005477218605644443,-0.0027557749734913755,1.8974358974358971,0.0009487179487179486,-0.003704492922209324,-0.08142506919794136,39,39,392
2021-04-30,2021-04-23,0.009505772537527032,-0.004830695869611131,0.007168234203569082,1.692307692307692,0.0008461538461538461,0.006322080357415235,0.07236897774554459,39,39,392
2021-05-07,2021-04-30,0.018693823882191554,0.035153904303029844,-0.008230040210419145,1.923076923076923,0.0009615384615384615,-0.009191578671957606,-0.10289585978247236,39,39,392
2021-05-14,2021-05-07,-0.010585370329221178,-0.005343240653495878,-0.00262106483786265,1.692307692307692,0.0008461538461538461,-0.0034672186840164964,-0.1892997491064132,39,39,392
2021-05-21,2021-05-14,-0.005229019812513382,-0.0034409595199597987,-0.0008940301462767915,1.8205128205128205,0.0009102564102564102,-0.001804286556533202,0.04023899636190354,39,39,392
2021-05-28,2021-05-21,0.01027360223687595,0.008603186780034763,0.0008352077284205931,1.6666666666666665,0.0008333333333333333,1.8743950872597993e-06,0.027788546550382515,39,39,392
2021-06-04,2021-05-28,0.011256708330450019,0.007294517327192121,0.001981095501628949,1.7435897435897436,0.0008717948717948718,0.001109300629834077,0.019443157282826834,39,39,392
2021-06-11,2021-06-04,0.0025781135651874398,0.023325320418236987,-0.010373603426524774,1.8461538461538458,0.000923076923076923,-0.011296680349601696,-0.13156055651600168,39,39,392
2021-06-18,2021-06-11,-0.0598038730074421,-0.0034834482299069083,-0.0281602123887676,1.7179487179487178,0.0008589743589743589,-0.029019186747741958,-0.4298079669969548,39,39,392
2021-06-25,2021-06-18,0.042089130617464186,0.02123598705610379,0.010426571780680198,1.3846153846153846,0.0006923076923076923,0.009734264088372507,0.25322462207584656,39,39,392
2021-07-02,2021-06-25,0.008751866489892887,-0.0014370106948029366,0.005094438592347912,1.974358974358974,0.000987179487179487,0.004107259105168425,0.020147986177544364,39,39,392
2021-07-09,2021-07-02,-0.003145959153911656,0.005863798178004184,-0.00450487866595792,1.7435897435897434,0.0008717948717948717,-0.005376673537752792,-0.08534186990428431,39,39,392
2021-07-16,2021-07-09,-0.03933534469808627,0.004050284548391841,-0.021692814623239055,1.5641025641025639,0.0007820512820512819,-0.022474865905290336,-0.38149371929322673,39,39,392
2021-07-23,2021-07-16,0.016590505851148712,0.003578093594477261,0.006506206128335726,1.5384615384615383,0.0007692307692307692,0.005736975359104957,0.23084520897638844,39,39,392
2021-07-30,2021-07-23,0.004688256544738123,0.010788465490622864,-0.0030501044729423707,1.8974358974358974,0.0009487179487179487,-0.0039988224216603195,-0.0750073012942316,39,39,392
2021-08-06,2021-07-30,-0.00998979068538024,0.00825584068057128,-0.00912281568297576,1.7179487179487178,0.0008589743589743589,-0.00998179004195012,-0.1916732175777712,39,39,392
2021-08-13,2021-08-06,0.001041656076756647,0.013000335806888624,-0.005979339865065989,1.5897435897435894,0.0007948717948717947,-0.006774211659937784,-0.17194657484633413,39,39,392
2021-08-20,2021-08-13,-0.005190919131587091,-0.019987469625079572,0.007398275246746241,1.6153846153846152,0.0008076923076923077,0.006590582939053933,0.09594239288812105,39,39,392
2021-08-27,2021-08-20,0.0475978351533371,-0.0010740107956339502,0.024335922974485523,1.7692307692307692,0.0008846153846153846,0.02345130758987014,0.5467274862151963,39,39,392
2021-09-03,2021-08-27,0.01008722079039698,-0.009115440777962442,0.00960133078417971,2.0,0.001,0.008601330784179712,0.31184754021090677,39,39,392
2021-09-10,2021-09-03,-0.011994401707581129,-0.02244046579034617,0.0052230320413825205,1.846153846153846,0.0009230769230769231,0.004299955118305597,0.029091025723266405,39,39,392
2021-09-17,2021-09-10,-0.004119941188956746,-0.0011111615304485799,-0.0015043898292540832,1.846153846153846,0.0009230769230769231,-0.002427466752331006,-0.04158092045314641,39,39,392
2021-09-24,2021-09-17,-0.0007465474673040393,0.004367296995792718,-0.0025569222315483787,1.7435897435897436,0.0008717948717948718,-0.0034287171033432506,-0.07836470134021083,39,39,392
2021-10-01,2021-09-24,-0.01826348295000897,-0.0036667840724969782,-0.007298349438755995,1.7179487179487178,0.0008589743589743589,-0.008157323797730353,-0.07366448439637154,39,39,392
2021-10-08,2021-10-01,-0.011035342114491725,0.02290687137257478,-0.016971106743533252,1.7179487179487178,0.0008589743589743589,-0.01783008110250761,-0.3156223150871196,39,39,392
2021-10-15,2021-10-08,0.01505598872557031,0.025560507067651454,-0.005252259171040572,1.6153846153846154,0.0008076923076923078,-0.00605995147873288,-0.06905470452369464,39,39,392
2021-10-22,2021-10-15,0.013767958978852355,0.025136610104223342,-0.005684325562685493,1.7948717948717947,0.0008974358974358973,-0.006581761460121391,-0.07124648731049008,39,39,392
2021-10-29,2021-10-22,-0.005379970506884452,0.006554069229361246,-0.005967019868122849,1.6153846153846154,0.0008076923076923078,-0.006774712175815157,-0.12292630294733226,39,39,392
2021-11-05,2021-10-29,0.026138450687305796,0.009418480358025358,0.008359985164640218,1.7692307692307692,0.0008846153846153846,0.007475369780024834,0.11970875306644396,39,39,392
2021-11-12,2021-11-05,0.01800948355378088,-0.002953681441186519,0.010481582497483698,1.8717948717948716,0.0009358974358974359,0.009545685061586262,0.14827663557955542,39,39,392
2021-11-19,2021-11-12,-0.006167887762009645,-0.00477035165708989,-0.0006987680524598774,1.923076923076923,0.0009615384615384615,-0.001660306513998339,-0.0980291884427186,39,39,392
2021-11-26,2021-11-19,-0.014740505141700765,-0.024850598328837632,0.005055046593568434,1.7435897435897434,0.0008717948717948717,0.004183251721773562,0.2007543143377497,39,39,392
2021-12-03,2021-11-26,-0.02204300581718323,-0.004386612880240431,-0.008828196468471399,1.6666666666666665,0.0008333333333333333,-0.009661529801804732,-0.1581854779747943,39,39,392
2021-12-10,2021-12-03,0.027847335781048293,0.03187851074313946,-0.002015587481045583,1.7179487179487176,0.0008589743589743588,-0.0028745618400199415,0.06145080003458403,39,39,392
2021-12-17,2021-12-10,0.004499767760724736,-0.01457850459527998,0.009539136178002358,1.7435897435897436,0.0008717948717948718,0.008667341306207487,0.13315688040898402,39,39,392
2021-12-23,2021-12-17,0.02495267958316181,0.0019363923672946865,0.011508143607933561,1.7692307692307692,0.0008846153846153846,0.010623528223318177,0.3094513610289784,39,39,392
2021-12-31,2021-12-23,0.026916293462689336,0.013276691134891841,0.006819801163898747,1.8974358974358974,0.0009487179487179487,0.0058710832151807986,0.278726757878724,39,39,392
2022-01-07,2021-12-31,0.007141358326415375,-0.03924733188654665,0.023194345106481013,1.8974358974358974,0.0009487179487179487,0.022245627157763063,0.26760986505455153,39,39,392
2022-01-14,2022-01-07,-0.024981180572082477,0.02784591076262215,-0.026413545667352316,1.8717948717948716,0.0009358974358974359,-0.02734944310324975,-0.4653795139031384,39,39,392
2022-01-21,2022-01-14,-0.042391571167276224,-0.06013594214662097,0.008872185489672373,1.4615384615384615,0.0007307692307692307,0.008141416258903142,0.1775971590096377,39,39,392
2022-01-28,2022-01-21,0.008745605040792807,-0.004956522776087628,0.006851063908440217,1.7179487179487178,0.0008589743589743589,0.005992089549465858,0.05818005927893892,39,39,392
2022-02-04,2022-01-28,0.014815743145631317,0.01006931829448828,0.0023732124255715185,1.8461538461538463,0.0009230769230769232,0.0014501355024945954,-0.09606232137727311,39,39,392
2022-02-11,2022-02-04,-0.00363150370941501,0.006791381217821692,-0.005211442463618351,1.8205128205128203,0.0009102564102564101,-0.006121698873874762,-0.20460408879469943,39,39,392
2022-02-18,2022-02-11,-0.008620118167968548,-0.008740346928180456,6.011438010595366e-05,1.7179487179487178,0.0008589743589743589,-0.0007988599788684052,-0.06063919397692011,39,39,392
2022-02-25,2022-02-18,0.017645314065723162,-0.007127649063825114,0.012386481564774138,1.7948717948717947,0.0008974358974358973,0.011489045667338242,0.19586533584558943,39,39,392
2022-03-04,2022-02-25,-0.03168870811197132,0.03792503369801083,-0.03480687090499107,1.7435897435897436,0.0008717948717948718,-0.035678665776785946,-0.3627012039465637,39,39,392
2022-03-11,2022-03-04,-0.013403150474720703,-0.026294481763998363,0.00644566564463883,1.5128205128205128,0.0007564102564102564,0.005689255388228573,0.005966343024083671,39,39,392
2022-03-18,2022-03-11,0.0686284378834403,0.03045720625308545,0.019085615815177422,1.8205128205128205,0.0009102564102564102,0.018175359404921012,0.265338807212504,39,39,392
2022-03-25,2022-03-18,0.04852988656745032,-0.012044729200375647,0.030287307883912984,1.9743589743589742,0.0009871794871794872,0.029300128396733495,0.4965342260369132,39,39,392
2022-04-01,2022-03-25,-0.005062086605602729,-0.008702517846605097,0.0018202156205011839,1.9999999999999998,0.0009999999999999998,0.0008202156205011841,0.029648832649555007,39,39,392
2022-04-08,2022-04-01,-0.015228657680569717,0.00702006915481709,-0.011124363417693402,1.846153846153846,0.0009230769230769231,-0.012047440340770325,-0.20877398420370472,39,39,392
2022-04-14,2022-04-08,0.009070038372398006,-0.010636580071089337,0.009853309221743671,1.7692307692307692,0.0008846153846153846,0.008968693837128287,0.021965839106967047,39,39,392
2022-04-22,2022-04-14,-0.01843017340627412,-0.023442030912608672,0.002505928753167276,1.7435897435897436,0.0008717948717948718,0.0016341338813724042,0.07493538404409224,39,39,392
2022-04-29,2022-04-22,-0.030731179858608966,-0.030307410871456632,-0.00021188449357616677,1.8205128205128203,0.0009102564102564101,-0.001122140903832577,0.006819787324156347,39,39,392
2022-05-06,2022-04-29,-0.01260449662837086,0.004040003136225457,-0.008322249882298158,1.8205128205128205,0.0009102564102564102,-0.009232506292554569,0.04894297579635903,39,39,392
2022-05-13,2022-05-06,-0.020337755833384246,-0.023685896381297332,0.001674070273956543,1.6923076923076923,0.0008461538461538462,0.0008279164278026967,0.03680171039540941,39,39,392
2022-05-20,2022-05-13,-0.016849376742518647,-0.027556090807631255,0.0053533570325563044,1.846153846153846,0.0009230769230769231,0.004430280109479381,0.06884612457661458,39,39,392
2022-05-27,2022-05-20,0.07466959211419996,0.05136365562930726,0.01165296824244635,1.7692307692307692,0.0008846153846153846,0.010768352857830966,0.1880383085859634,39,39,392
2022-06-03,2022-05-27,-0.0205430787087053,-0.009560725035483683,-0.005491176836610808,1.7435897435897436,0.0008717948717948718,-0.00636297170840568,-0.09427713999639019,39,39,392
2022-06-10,2022-06-03,-0.034031967067774074,-0.04240331059248601,0.0041856717623559685,1.6153846153846152,0.0008076923076923077,0.0033779794546636606,0.11451059016371234,39,39,392
2022-06-17,2022-06-10,-0.057669449853924755,-0.08647794119647895,0.014404245671277096,1.7435897435897434,0.0008717948717948717,0.013532450799482225,0.06203111845468356,39,39,392
2022-06-24,2022-06-17,0.044765028271171264,0.058575436455635,-0.006905204092231866,1.8461538461538463,0.0009230769230769232,-0.007828281015308788,-0.11066530827398997,39,39,392
2022-07-01,2022-06-24,-0.009497367870832699,-0.0161203872350662,0.00331150968211675,1.5641025641025639,0.0007820512820512819,0.0025294584000654682,0.08084116487617284,39,39,392
2022-07-08,2022-07-01,0.036277179309725904,-0.025326072030904766,0.030801625670315337,1.8717948717948718,0.000935897435897436,0.029865728234417903,0.46219403792051167,39,39,392
2022-07-15,2022-07-08,-0.00980589575948306,-0.013710815354472902,0.001952459797494921,1.8974358974358971,0.0009487179487179486,0.0010037418487769724,-0.07085752011678494,39,39,392
2022-07-22,2022-07-15,0.019240648019465834,0.025522892045482068,-0.003141122013008117,1.7179487179487178,0.0008589743589743589,-0.004000096371982476,0.0918074544026434,39,39,392
2022-07-29,2022-07-22,0.01741551308262815,0.054931961921118544,-0.018758224419245198,1.82051282051282,0.00091025641025641,-0.01966848082950161,-0.15923495186325443,39,39,392
2022-08-05,2022-07-29,0.004488111502345652,0.0014649972097482793,0.0015115571462986865,1.5897435897435899,0.000794871794871795,0.0007166853514268915,0.04950715765894807,39,39,392
2022-08-12,2022-08-05,0.04613965911727969,0.033680237620744236,0.0062297107482677284,1.8461538461538458,0.000923076923076923,0.005306633825190805,0.2105438258941147,39,39,392
2022-08-19,2022-08-12,0.0009405325521631183,-0.01454775601404287,0.007744144283102994,1.8205128205128203,0.0009102564102564101,0.0068338878728465835,0.19663670313794285,39,39,392
2022-08-26,2022-08-19,-0.041936724940296946,-0.029193186122895207,-0.006371769408700869,1.8205128205128203,0.0009102564102564101,-0.00728202581895728,-0.20841021440106078,39,39,392
2022-09-02,2022-08-26,-0.0258740916453453,-0.0394224406951299,0.006774174524892301,1.7435897435897436,0.0008717948717948718,0.005902379653097429,0.019029583290335713,39,39,392
2022-09-09,2022-09-02,0.04330509344080735,0.035663984368466954,0.003820554536170199,1.8205128205128203,0.0009102564102564101,0.0029102981259137885,0.0658164360998299,39,39,392
2022-09-16,2022-09-09,-0.04201813604950393,-0.055582155756216535,0.006782009853356301,1.7179487179487178,0.0008589743589743589,0.005923035494381942,0.10738639963120993,39,39,392
2022-09-23,2022-09-16,-0.05092787146642962,-0.04837182823527429,-0.0012780216155776625,1.8205128205128205,0.0009102564102564102,-0.002188278025834073,-0.06017581277449579,39,39,392
2022-09-30,2022-09-23,-0.025408614564619396,-0.021283619905609428,-0.002062497329504984,1.7692307692307692,0.0008846153846153846,-0.0029471127141203687,0.020072283808976625,39,39,392
2022-10-07,2022-09-30,-0.015361162402425542,0.028496128018527276,-0.02192864521047641,1.7948717948717947,0.0008974358974358973,-0.02282608110791231,-0.22933067498476392,39,39,392
2022-10-14,2022-10-07,-0.01445940403829674,-0.028837275218607433,0.007188935590155347,1.5128205128205128,0.0007564102564102564,0.00643252533374509,0.12513143325700674,39,39,392
2022-10-21,2022-10-14,0.0500204225630819,0.030992684767576054,0.009513868897752924,1.8717948717948716,0.0009358974358974359,0.008577971461855488,0.1887632583733792,39,39,392
2022-10-28,2022-10-21,0.06699842615095367,0.046123453624632514,0.010437486263160576,1.8717948717948716,0.0009358974358974359,0.00950158882726314,0.13404020752011392,39,39,392
2022-11-04,2022-10-28,-0.022732385216768184,-0.019514279900023263,-0.0016090526583724604,1.8461538461538458,0.000923076923076923,-0.0025321295814493836,0.006180699960037118,39,39,392
2022-11-11,2022-11-04,0.08731157021266774,0.048950376708774807,0.019180596751946465,1.7179487179487176,0.0008589743589743588,0.018321622392972105,0.18173528953566156,39,39,392
2022-11-18,2022-11-11,0.028795307404202924,-0.03357000670452511,0.031182657054364016,1.8717948717948718,0.000935897435897436,0.03024675961846658,0.6004432971329919,39,39,392
2022-11-25,2022-11-18,0.023008316706554875,0.02281843473293004,9.494098681241646e-05,1.9743589743589742,0.0009871794871794872,-0.0008922385003670708,-0.04977231516569455,39,39,392
2022-12-02,2022-11-25,0.016578087337393115,0.011007749386348142,0.0027851689755224868,1.692307692307692,0.0008461538461538461,0.0019390151293686407,-0.030191499102130065,39,39,392
2022-12-09,2022-12-02,-0.04175982099854408,-0.03461638967318058,-0.0035717156626817494,1.641025641025641,0.0008205128205128205,-0.00439222848319457,-0.024563824866156218,39,39,392
2022-12-16,2022-12-09,6.166930431952608e-05,-0.014639029859170703,0.007350349581745115,1.6666666666666665,0.0008333333333333333,0.006517016248411781,-0.001794943002092971,39,39,392
2022-12-23,2022-12-16,-0.0029416173835165125,0.010932393471021342,-0.006937005427268927,1.8717948717948716,0.0009358974358974359,-0.007872902863166362,-0.2131372296678379,39,39,392
2022-12-30,2022-12-23,0.0018640095137641179,0.001602898504958533,0.0001305555044027924,1.5897435897435896,0.0007948717948717948,-0.0006643162904690024,-0.009206603318393404,39,39,392
2023-01-06,2022-12-30,0.025579450164345624,0.029679025932085896,-0.002049787883870136,1.5897435897435896,0.0007948717948717948,-0.002844659678741931,-0.13255925653884582,39,39,392
2023-01-13,2023-01-06,0.018797612213887236,0.022283590147319076,-0.00174298896671592,1.5897435897435896,0.0007948717948717948,-0.002537860761587715,-0.010662080962487882,39,39,392
2023-01-20,2023-01-13,-0.02152178215944666,-0.007885531256306427,-0.006818125451570117,1.8205128205128203,0.0009102564102564101,-0.007728381861826527,-0.21115163622700986,39,39,392
2023-01-27,2023-01-20,0.012398314738952596,0.017267666959162556,-0.00243467611010498,1.6153846153846154,0.0008076923076923078,-0.003242368417797288,-0.05038132079914607,39,39,392
2023-02-03,2023-01-27,0.021180410150286495,0.017285684696760943,0.001947362726762776,1.769230769230769,0.0008846153846153845,0.0010627473421473915,-0.09701856182233928,39,39,392
2023-02-10,2023-02-03,0.02228408523848816,-0.023138265434560427,0.022711175336524295,1.8461538461538458,0.000923076923076923,0.021788098413447372,0.4195713343205525,39,39,392
2023-02-17,2023-02-10,0.011212896676110886,-0.012415991176365373,0.011814443926238129,2.0,0.001,0.010814443926238128,0.05441645897073368,39,39,392
2023-02-24,2023-02-17,-0.018364531646268455,-0.017144595593733897,-0.0006099680262672789,1.846153846153846,0.0009230769230769231,-0.001533044949344202,0.012918011545806506,39,39,392
2023-03-03,2023-02-24,0.02269137053894908,0.010230399013685507,0.006230485762631786,1.7948717948717947,0.0008974358974358973,0.005333049865195888,0.2476150765649771,39,39,392
2023-03-10,2023-03-03,-0.051661628616700025,-0.06671748772611374,0.0075279295547068595,1.8974358974358974,0.0009487179487179487,0.006579211605988911,0.13446951963659673,39,39,392
2023-03-17,2023-03-10,-0.06689245675194382,0.014009226391604615,-0.04045084157177421,1.8205128205128203,0.0009102564102564101,-0.04136109798203062,-0.47321371296610243,39,39,392
2023-03-24,2023-03-17,0.012474946206808807,-0.0022322165305604736,0.00735358136868464,1.6666666666666665,0.0008333333333333333,0.006520248035351306,0.07506188668630413,39,39,392
2023-03-31,2023-03-24,0.0515428821784905,0.03269287186181226,0.00942500515833912,1.8205128205128203,0.0009102564102564101,0.00851474874808271,0.24625900808381762,39,39,392
2023-04-06,2023-03-31,0.013806813874485001,-0.01383660762887187,0.013821710751678436,1.9743589743589742,0.0009871794871794872,0.012834531264498949,0.3402022607914722,39,39,392
2023-04-14,2023-04-06,0.028789585639820956,-0.0019615804582726205,0.01537558304904679,1.7948717948717947,0.0008974358974358973,0.014478147151610892,0.38594641308232547,39,39,392
2023-04-21,2023-04-14,0.007640280185894537,-0.0008735886610406915,0.004256934423467614,1.974358974358974,0.000987179487179487,0.0032697549362881266,0.0645763117726347,39,39,392
2023-04-28,2023-04-21,-0.00031842686209012565,0.008961316440419876,-0.004639871651255001,1.8717948717948718,0.000935897435897436,-0.005575769087152437,-0.1344079616579456,39,39,392
2023-05-05,2023-04-28,-0.005262509663003334,-0.011967898652542384,0.003352694494769525,1.7948717948717947,0.0008974358974358973,0.002455258597333628,-0.008017279664136474,39,39,392
2023-05-12,2023-05-05,-0.012574311455011632,-0.011152461055637919,-0.0007109251996868567,1.923076923076923,0.0009615384615384615,-0.0016724636612253183,-0.12857615285505036,39,39,392
2023-05-19,2023-05-12,0.017995076368381692,0.017841432601183402,7.682188359914473e-05,1.8205128205128205,0.0009102564102564102,-0.0008334345266572655,0.09336572797219105,39,39,392
2023-05-26,2023-05-19,-0.02463604318100373,0.028463809807874014,-0.026549926494438873,1.7435897435897436,0.0008717948717948718,-0.027421721366233744,-0.3602165725234667,39,39,392
2023-06-02,2023-05-26,0.01677943923519685,0.011236318139540092,0.0027715605478283783,1.564102564102564,0.000782051282051282,0.001989509265777096,0.07549159723630573,39,39,392
2023-06-09,2023-06-02,0.0007148648367175772,0.013768802678139121,-0.006526968920710772,1.5384615384615383,0.0007692307692307692,-0.007296199689941541,-0.20131690246626363,39,39,392
2023-06-16,2023-06-09,0.038972640190803355,0.024030360724330475,0.00747113973323644,1.6153846153846154,0.0008076923076923078,0.006663447425544132,0.18849730399959516,39,39,392
2023-06-23,2023-06-16,-0.023446590669135837,-0.01602629949043531,-0.003710145589350263,1.846153846153846,0.0009230769230769231,-0.004633222512427186,-0.1092397131438038,39,39,392
2023-06-30,2023-06-23,0.04460495800644664,0.02451324681052985,0.010045855597958396,1.6666666666666665,0.0008333333333333333,0.009212522264625062,0.20465975968880748,39,39,392
2023-07-07,2023-06-30,-0.007410802397347278,-0.0029320391020270977,-0.00223938164766009,1.9999999999999998,0.0009999999999999998,-0.00323938164766009,-0.07077414437397926,39,39,392
2023-07-14,2023-07-07,0.038268230405549254,0.017884882673838053,0.0101916738658556,1.7948717948717947,0.0008974358974358973,0.009294237968419704,0.20652557567806037,39,39,392
2023-07-21,2023-07-14,0.02964196082972071,0.0007183746050522707,0.01446179311233422,1.8205128205128203,0.0009102564102564101,0.01355153670207781,0.25320753987772976,39,39,392
2023-07-28,2023-07-21,-0.0001978326947076251,0.006302615753856235,-0.00325022422428193,1.974358974358974,0.000987179487179487,-0.004237403711461417,-0.022820778966454465,39,39,392
2023-08-04,2023-07-28,-0.018135621161248703,-0.004019388171106606,-0.007058116495071048,1.692307692307692,0.0008461538461538461,-0.007904270341224894,-0.05782465946009971,39,39,392
2023-08-11,2023-08-04,-0.015364648080213171,0.014778870934174978,-0.015071759507194075,1.8461538461538458,0.000923076923076923,-0.015994836430270998,-0.2252673389302618,39,39,392
2023-08-18,2023-08-11,-0.026299391331003442,-0.02191218280470187,-0.002193604263150786,1.564102564102564,0.000782051282051282,-0.002975655545202068,-0.0698282632004013,39,39,392
2023-08-25,2023-08-18,-0.0028567882925546574,-0.0028573475004848017,2.7960396507212965e-07,1.7692307692307692,0.0008846153846153846,-0.0008843357806503125,-0.04701734660010702,39,39,392
2023-09-01,2023-08-25,0.025531800540970522,0.02856756974591408,-0.0015178846024717797,1.8205128205128203,0.0009102564102564101,-0.00242814101272819,-0.049433447457974226,39,39,392
2023-09-08,2023-09-01,-0.0005274740713957476,-0.02670225398774411,0.013087389958174182,1.7948717948717947,0.0008974358974358973,0.012189954060738285,0.19243681541650842,39,39,392
2023-09-15,2023-09-08,0.002563827855391537,-0.009519182069786448,0.0060415049625889925,1.7692307692307692,0.0008846153846153846,0.005156889577973608,0.04759786423696594,39,39,392
2023-09-22,2023-09-15,-0.0276590474900536,-0.030694098960807718,0.0015175257353770583,1.8717948717948718,0.000935897435897436,0.0005816282994796224,-0.027875405057476026,39,39,392
2023-09-29,2023-09-22,-0.0011526434500891498,-0.015301072092334089,0.0070742143211224694,1.8461538461538458,0.000923076923076923,0.006151137398045546,0.2118797734825759,39,39,392
2023-10-06,2023-09-29,-0.009424867993465225,-0.0003512522520839519,-0.004536807870690636,1.9999999999999998,0.0009999999999999998,-0.005536807870690636,-0.05497456474995737,39,39,392
2023-10-13,2023-10-06,0.007076690484910963,0.007316486873484606,-0.00011989819428682167,1.8974358974358974,0.0009487179487179487,-0.0010686161430047704,-0.06166984193294858,39,39,392
2023-10-20,2023-10-13,-0.011200362815585264,-0.02118818918831151,0.004993913186363122,1.7948717948717947,0.0008974358974358973,0.0040964772889272244,-0.004430780166237434,39,39,392
2023-10-27,2023-10-20,-0.02416150726465361,-0.029280204535236196,0.002559348635291293,1.7948717948717947,0.0008974358974358973,0.0016619127378553957,-0.015184700590393854,39,39,392
2023-11-03,2023-10-27,0.05775827942106989,0.055650451460571036,0.0010539139802494268,1.8205128205128203,0.0009102564102564101,0.0001436575699930167,0.014618725020708581,39,39,392
2023-11-10,2023-11-03,-0.00986389759130103,0.0003197371118125202,-0.005091817351556775,1.8717948717948716,0.0009358974358974359,-0.006027714787454211,-0.06187473329856336,39,39,392
2023-11-17,2023-11-10,0.027266473265190924,0.022249327780238075,0.0025085727424764247,1.6923076923076923,0.0008461538461538462,0.0016624188963225784,0.10772307595457697,39,39,392
2023-11-24,2023-11-17,0.013883000362850142,0.007471976406202569,0.0032055119783237864,1.8205128205128203,0.0009102564102564101,0.0022952555680673765,0.11736666708004159,39,39,392
2023-12-01,2023-11-24,0.027772829690064248,0.022459253610247566,0.0026567880399083407,1.717948717948718,0.000858974358974359,0.0017978136809339816,0.038853643017113915,39,39,392
2023-12-08,2023-12-01,-0.005609958176661482,0.00039069862391734214,-0.0030003284002894123,1.7692307692307692,0.0008846153846153846,-0.003884943784904797,-0.20133683416962064,39,39,392
2023-12-15,2023-12-08,0.022158802686561032,0.044119472304084924,-0.010980334808761946,1.692307692307692,0.0008461538461538461,-0.011826488654915791,-0.1751492918018168,39,39,392
2023-12-22,2023-12-15,0.009994951031760128,0.0010362481990524898,0.004479351416353819,1.7435897435897436,0.0008717948717948718,0.003607556544558947,0.07335599357565793,39,39,392
2023-12-29,2023-12-22,0.004364926681002105,0.0055478658943967935,-0.0005914696066973441,1.923076923076923,0.0009615384615384615,-0.0015530080682358057,0.0460208643696443,39,39,392
2024-01-05,2023-12-29,-0.011372070729751008,-0.0012018469748363962,-0.005085111877457305,1.6666666666666665,0.0008333333333333333,-0.005918445210790639,-0.1110508978425871,39,39,392
2024-01-12,2024-01-05,0.027418127071858985,-0.005110441632423764,0.016264284352141375,1.717948717948718,0.000858974358974359,0.015405309993167016,0.39346126767998935,39,39,392
2024-01-19,2024-01-12,-0.019560345366464744,0.021365483201842863,-0.020462914284153803,1.9487179487179485,0.0009743589743589743,-0.021437273258512777,-0.4075992826602927,39,39,392
2024-01-26,2024-01-19,0.012095095650072354,0.011674455404926403,0.00021032012257297516,1.358974358974359,0.0006794871794871796,-0.0004691670569142044,0.023949041946682424,39,39,392
2024-02-02,2024-01-26,0.005839407780089685,0.0027844905658678254,0.0015274586071109299,1.923076923076923,0.0009615384615384615,0.0005659201455724684,0.06681192224649568,39,39,392
2024-02-09,2024-02-02,0.013466047427951162,0.017855041871655965,-0.002194497221852401,1.8717948717948718,0.000935897435897436,-0.003130394657749837,-0.06516121217820019,39,39,392
2024-02-16,2024-02-09,0.0073607389436094834,-0.010031528095020139,0.008696133519314812,1.8205128205128203,0.0009102564102564101,0.007785877109058401,0.15509502838639605,39,39,392
2024-02-23,2024-02-16,0.020865796719201368,0.014388821078067285,0.0032384878205670414,1.8717948717948718,0.000935897435897436,0.0023025903846696054,0.11935076054982231,39,39,392
2024-03-01,2024-02-23,0.01837260079688007,0.013303616948304259,0.0025344919242879065,1.641025641025641,0.0008205128205128205,0.001713979103775086,0.0423893420627461,39,39,392
2024-03-08,2024-03-01,0.00538353808920128,0.010337471102685205,-0.0024769665067419623,1.7948717948717947,0.0008974358974358973,-0.00337440240417786,-0.03204421496444578,39,39,392
2024-03-15,2024-03-08,0.004506412527565502,-0.010019002849250183,0.007262707688407843,1.692307692307692,0.0008461538461538461,0.006416553842253997,0.100995725206777,39,39,392
2024-03-22,2024-03-15,0.013426482762326492,0.02243311737142557,-0.004503317304549539,1.8717948717948716,0.0009358974358974359,-0.005439214740446975,-0.06050471964424667,39,39,392
2024-03-28,2024-03-22,0.01862543532784843,0.00919299854536398,0.004716218391242226,1.7692307692307692,0.0008846153846153846,0.003831603006626841,0.07407915041223924,39,39,392
2024-04-05,2024-03-28,-0.013900205434734,-0.016396591057547972,0.0012481928114069863,1.8205128205128205,0.0009102564102564102,0.000337936401150576,0.01689378041292853,39,39,392
2024-04-12,2024-04-05,-0.03806191746176289,-0.027747333748318698,-0.005157291856722097,1.8205128205128203,0.0009102564102564101,-0.006067548266978508,0.014248381065004825,39,39,392
2024-04-19,2024-04-12,-0.014016224184573623,-0.02355484522783279,0.004769310521629583,1.8205128205128205,0.0009102564102564102,0.0038590541113731726,0.020880306985057547,39,39,392
2024-04-26,2024-04-19,0.03462148915976247,0.003327631004283964,0.015646929077739253,1.8974358974358974,0.0009487179487179487,0.014698211129021305,0.30210804710739525,39,39,392
2024-05-03,2024-04-26,-0.004670424560518198,-0.00817975436124866,0.0017546649003652311,1.923076923076923,0.0009615384615384615,0.0007931264388267696,0.1165625285907193,39,39,392
2024-05-10,2024-05-03,0.029014333312643747,0.0256295079372271,0.0016924126877083234,1.7948717948717947,0.0008974358974358973,0.000794976790272426,0.0019471446062660045,39,39,392
2024-05-17,2024-05-10,0.00806488721853099,0.013946485369586795,-0.0029407990755279025,1.7692307692307692,0.0008846153846153846,-0.0038254144601432873,0.0026370322440293736,39,39,392
2024-05-24,2024-05-17,-0.01860168378281589,-0.007953166932851733,-0.005324258424982078,1.717948717948718,0.000858974358974359,-0.006183232783956437,-0.014642830248594625,39,39,392
2024-05-31,2024-05-24,0.008033639295154101,-0.008280685584297719,0.008157162439725911,1.7435897435897434,0.0008717948717948717,0.007285367567931039,0.314508080032544,39,39,392
2024-06-07,2024-05-31,0.008370237321563327,-0.015761297259412235,0.012065767290487781,1.8974358974358974,0.0009487179487179487,0.011117049341769833,0.1907675781895898,39,39,392
2024-06-14,2024-06-07,-0.007186185455086758,0.0024902755140758393,-0.0048382304845812985,1.9999999999999998,0.0009999999999999998,-0.0058382304845812985,-0.1289729300283007,39,39,392
2024-06-21,2024-06-14,0.02409133711037718,0.004528781320128817,0.009781277895124181,1.7948717948717947,0.0008974358974358973,0.008883841997688284,0.24309644202852063,39,39,392
2024-06-28,2024-06-21,-0.005028400657331367,-0.0012939549746303482,-0.0018672228413505094,1.846153846153846,0.0009230769230769231,-0.0027902997644274324,0.05141406047981754,39,39,392
2024-07-05,2024-06-28,-0.0031276573881296866,-0.007597983180192404,0.002235162896031359,1.7435897435897436,0.0008717948717948718,0.0013633680242364872,-0.04841266078286608,39,39,392
2024-07-12,2024-07-05,0.029873451580879992,0.013098734219777178,0.008387358680551408,1.4615384615384615,0.0007307692307692307,0.007656589449782177,0.10477098762360852,39,39,392
2024-07-19,2024-07-12,-0.010435387280743237,0.013629723602124923,-0.01203255544143408,1.7948717948717947,0.0008974358974358973,-0.012929991338869977,-0.04986634547612606,39,39,392
2024-07-26,2024-07-19,-0.013110063898416416,0.011229181563730622,-0.01216962273107352,1.641025641025641,0.0008205128205128205,-0.012990135551586339,-0.09762457920439997,39,39,392
2024-08-02,2024-07-26,-0.0185484333317217,-0.00890300345353345,-0.004822714939094124,1.7435897435897434,0.0008717948717948717,-0.005694509810888996,-0.09562245077254267,39,39,392
2024-08-09,2024-08-02,-9.889120254044291e-05,-0.017013816797455134,0.008457462797457346,1.7692307692307692,0.0008846153846153846,0.007572847412841961,0.23167514599600209,39,39,392
2024-08-16,2024-08-09,0.027254899617587904,0.01037576760469681,0.008439566006445548,1.846153846153846,0.0009230769230769231,0.007516489083368625,0.003041442265588612,39,39,392
2024-08-23,2024-08-16,0.020765065546569397,0.02844240328486878,-0.0038386688691496914,1.923076923076923,0.0009615384615384615,-0.004800207330688153,-0.04317067019306893,39,39,392
2024-08-30,2024-08-23,0.01136067561777502,0.0019454942643451873,0.004707590676714916,1.8205128205128203,0.0009102564102564101,0.0037973342664585057,0.1126672374890879,39,39,392
2024-09-06,2024-08-30,-0.017706774404776804,-0.02794657511020762,0.005119900352715407,1.846153846153846,0.0009230769230769231,0.004196823429638484,0.032313356806380034,39,39,392
2024-09-13,2024-09-06,0.02773450491841493,0.004246298581822816,0.011744103168296056,1.7435897435897436,0.0008717948717948718,0.010872308296501185,0.11436038072713321,39,39,392
2024-09-20,2024-09-13,0.017784235287791883,0.020688953539333425,-0.0014523591257707708,1.846153846153846,0.0009230769230769231,-0.002375436048847694,-0.090862365523707,39,39,392
2024-09-27,2024-09-20,0.007592223243081153,0.0042066486890840185,0.0016927872769985672,1.7948717948717947,0.0008974358974358973,0.0007953513795626698,0.006623160382639613,39,39,392
2024-10-04,2024-09-27,0.0017971033927475176,-0.009277894957475467,0.0055374991751114926,1.8717948717948718,0.000935897435897436,0.004601601739214057,0.07218938023267721,39,39,392
2024-10-11,2024-10-04,0.007694594333102953,0.0050747228098586275,0.0013099357616221628,1.7692307692307692,0.0008846153846153846,0.0004253203770067782,-0.07869301055968354,39,39,392
2024-10-18,2024-10-11,0.014510302997826205,0.007912325136355692,0.0032989889307352563,1.8461538461538463,0.0009230769230769232,0.002375912007658333,0.11478392127431411,39,39,392
2024-10-25,2024-10-18,-0.01435086104794892,-0.03226174444044916,0.008955441696250118,1.846153846153846,0.0009230769230769231,0.008032364773173196,0.1624413536958772,39,39,392
2024-11-01,2024-10-25,-0.004730937490956066,0.0011539958826113645,-0.0029424666867837153,1.8717948717948716,0.0009358974358974359,-0.0038783641226811513,-0.08718940613085593,39,39,392
2024-11-08,2024-11-01,0.03734916028169911,0.04411908091916172,-0.0033849603187313046,1.923076923076923,0.0009615384615384615,-0.004346498780269766,-0.1288187362565338,39,39,392
2024-11-15,2024-11-08,-0.027104281641437578,-0.020227390413943704,-0.003438445613746937,1.846153846153846,0.0009230769230769231,-0.00436152253682386,0.0013843575367799307,39,39,392
2024-11-22,2024-11-15,0.03605328253516374,0.013721942754236651,0.011165669890463543,1.794871794871795,0.0008974358974358974,0.010268233993027646,0.12079430925260672,39,39,392
2024-11-29,2024-11-22,0.021445903611942735,0.007168142656004064,0.007138880477969335,1.8205128205128205,0.0009102564102564102,0.006228624067712925,0.19835893202285892,39,39,392
2024-12-06,2024-11-29,-0.005241702800095374,-0.0046557035295223415,-0.00029299963528651605,1.717948717948718,0.000858974358974359,-0.0011519739942608752,0.035406794646169124,39,39,392
2024-12-13,2024-12-06,-0.020758365427357917,-0.0015590789533121614,-0.009599643237022878,1.8205128205128203,0.0009102564102564101,-0.010509899647279289,-0.0925375792534073,39,39,392
2024-12-20,2024-12-13,-0.04006863257754945,-0.01986530056033836,-0.010101666008605546,1.692307692307692,0.0008461538461538461,-0.010947819854759391,-0.0967143578307526,39,39,392
2024-12-27,2024-12-20,0.007367243929927076,0.005586830659956439,0.0008902066349853184,1.692307692307692,0.0008461538461538461,4.40527888314723e-05,-0.06575049535247222,39,39,392
2025-01-03,2024-12-27,-0.0063663019375389766,0.003376976992256031,-0.004871639464897504,1.641025641025641,0.0008205128205128205,-0.0056921522854103245,-0.20569289780299774,39,39,392
2025-01-10,2025-01-03,-0.01165098305296265,-0.00937300085283117,-0.0011389911000657402,1.5641025641025639,0.0007820512820512819,-0.001921042382117022,-0.05566016648943015,39,39,392
2025-01-17,2025-01-10,0.028246800427668754,0.030886184585109246,-0.0013196920787202464,1.6153846153846152,0.0008076923076923077,-0.0021273843864125543,-0.001632182909672332,39,39,392
2025-01-24,2025-01-17,0.021009219150811213,0.011626165739232733,0.00469152670578924,1.7435897435897436,0.0008717948717948718,0.003819731833994368,0.1399601327421111,39,39,392
2025-01-31,2025-01-24,-0.0009649126650175454,-0.01974982941863127,0.009392458376806861,1.7435897435897434,0.0008717948717948717,0.00852066350501199,0.0879199339875346,39,39,392
2025-02-07,2025-01-31,-0.00598271841283238,0.006568283448620587,-0.0062755009307264836,1.7435897435897434,0.0008717948717948717,-0.0071472958025213555,-0.12488938489434936,39,39,392
2025-02-14,2025-02-07,-0.012903076756966886,0.012049776418608021,-0.012476426587787453,1.7179487179487178,0.0008589743589743589,-0.013335400946761812,-0.1497586090526486,39,39,392
2025-02-21,2025-02-14,0.005303438423327182,-0.009153450976636982,0.0072284446999820815,1.7435897435897436,0.0008717948717948718,0.00635664982818721,0.07275117149415358,39,39,392
2025-02-28,2025-02-21,0.00468458929495904,-0.009709893628789766,0.007197241461874403,1.7692307692307692,0.0008846153846153846,0.006312626077259019,0.025946787609833176,39,39,392
2025-03-07,2025-02-28,-0.019364344269180267,-0.01841938615224875,-0.0004724790584657579,1.8717948717948716,0.0009358974358974359,-0.0014083764943631939,0.016807917989631962,39,39,392
2025-03-14,2025-03-07,-0.00900695839883934,-0.04442847860554009,0.017710760103350376,1.8974358974358974,0.0009487179487179487,0.016762042154632426,0.20439201236418894,39,39,392
2025-03-21,2025-03-14,0.003999887049714421,0.019407639496871847,-0.007703876223578713,1.9230769230769231,0.0009615384615384616,-0.008665414685117175,-0.19156085932547595,39,39,392
2025-03-28,2025-03-21,-0.0014424849407750579,-0.015075178153436139,0.0068163466063305405,1.7435897435897436,0.0008717948717948718,0.005944551734535669,0.12204357348648055,39,39,392
2025-04-04,2025-03-28,-0.11191495469978625,-0.049485949363774186,-0.031214502668006034,1.8717948717948718,0.000935897435897436,-0.03215040010390347,-0.4661347446379813,39,39,392
2025-04-11,2025-04-04,0.030053202731353885,0.013025599177895383,0.008513801776729252,1.6666666666666665,0.0008333333333333333,0.007680468443395918,0.17739674694969257,39,39,392
2025-04-17,2025-04-11,0.011992483803745348,-0.013922168603932087,0.012957326203838718,1.8205128205128205,0.0009102564102564102,0.012047069793582308,0.27121708291680424,39,39,392
2025-04-25,2025-04-17,0.03296057909884981,0.018461132761196493,0.007249723168826657,1.7435897435897436,0.0008717948717948718,0.006377928297031785,0.197014418113744,39,39,392
2025-05-02,2025-04-25,0.026094673379434934,0.037366806695496683,-0.005636066658030875,1.8717948717948714,0.0009358974358974356,-0.006571964093928311,-0.18462751844846798,39,39,392
2025-05-09,2025-05-02,0.008230531632044355,-0.001424123457911584,0.00482732754497797,1.6666666666666665,0.0008333333333333333,0.0039939942116446366,-0.10504092634602441,39,39,392
2025-05-16,2025-05-09,0.038837928301136034,0.04461058975812629,-0.0028863307284951283,1.923076923076923,0.0009615384615384615,-0.00384786919003359,-0.20156085342671046,39,39,392
2025-05-23,2025-05-16,-0.005815262112467486,-0.03819859050300365,0.01619166419526808,1.8717948717948716,0.0009358974358974359,0.015255766759370645,0.3469521230330831,39,39,392
2025-05-30,2025-05-23,0.014433088112702048,0.012946916497153245,0.0007430858077744013,1.923076923076923,0.0009615384615384615,-0.0002184526537640602,0.01858672443421444,39,39,392
2025-06-06,2025-05-30,0.01588607490265682,0.013008584768530663,0.001438745067063079,1.6666666666666665,0.0008333333333333333,0.0006054117337297457,0.11593122797035964,39,39,392
2025-06-13,2025-06-06,-0.011780975965673578,0.009182905507868919,-0.010481940736771249,1.7692307692307692,0.0008846153846153846,-0.011366556121386633,0.08074476005033969,39,39,392
2025-06-20,2025-06-13,0.002059408835278673,-0.007974549866068123,0.005016979350673398,1.717948717948718,0.000858974358974359,0.004158004991699039,0.1437251302777998,39,39,392
2025-06-27,2025-06-20,0.0205985024044121,0.015935251102878082,0.0023316256507670084,1.6153846153846154,0.0008076923076923078,0.0015239333430747005,0.04445502285489489,39,39,392
2025-07-03,2025-06-27,0.024643465321274375,0.027939838801537283,-0.0016481867401314538,1.7692307692307692,0.0008846153846153846,-0.0025328021247468385,-0.14788656916467216,39,39,392
2025-07-11,2025-07-03,-0.01326028518581738,0.0031549486804099227,-0.008207616933113651,1.6666666666666665,0.0008333333333333333,-0.009040950266446985,-0.2159019598546355,39,39,392
2025-07-18,2025-07-11,-0.0003021283453608679,-0.008708404989231972,0.004203138321935552,1.641025641025641,0.0008205128205128205,0.0033826255014227317,0.033043087796021164,39,39,392
2025-07-25,2025-07-18,0.035556658075707355,0.022004055953191763,0.006776301061257796,1.8205128205128203,0.0009102564102564101,0.0058660446510013856,0.07318307342850847,39,39,392
2025-08-01,2025-07-25,-0.01603035753850865,-0.047919571322238945,0.015944606891865148,1.8717948717948718,0.000935897435897436,0.015008709455967712,0.06590608364155487,39,39,392
2025-08-08,2025-08-01,-0.00755308221917318,0.020585168385343054,-0.014069125302258116,1.8974358974358974,0.0009487179487179487,-0.015017843250976064,-0.13018635930973782,39,39,392
2025-08-15,2025-08-08,0.01655101624548329,0.0031893698109807813,0.006680823217251255,1.6666666666666665,0.0008333333333333333,0.0058474898839179215,0.056797893402299515,39,39,392
2025-08-22,2025-08-15,0.0026692960650569505,0.022791650536250277,-0.010061177235596663,1.8461538461538458,0.000923076923076923,-0.010984254158673585,-0.34338773677409895,39,39,392
2025-08-29,2025-08-22,-0.004830821435193937,0.013490176703559587,-0.009160499069376762,1.7179487179487178,0.0008589743589743589,-0.010019473428351121,-0.07787283516127992,39,39,392
2025-09-05,2025-08-29,-0.00842486733387335,-0.00017428213414902804,-0.004125292599862161,1.6666666666666665,0.0008333333333333333,-0.004958625933195494,0.0027139299131534456,39,39,392
2025-09-12,2025-09-05,0.011432562057789105,-0.01293547195551498,0.012184017006652042,1.641025641025641,0.0008205128205128205,0.011363504186139222,0.20744122408339372,39,39,392
2025-09-19,2025-09-12,0.001683249782509945,0.01891852000522856,-0.008617635111359307,1.7948717948717947,0.0008974358974358973,-0.009515071008795204,-0.12868198036011533,39,39,392
2025-09-26,2025-09-19,0.00589865992963607,-0.010229479031985945,0.008064069480811007,1.641025641025641,0.0008205128205128205,0.007243556660298187,0.13685793618100772,39,39,392
2025-10-03,2025-09-26,0.020481037804656425,0.003350133576676553,0.008565452113989937,1.8205128205128205,0.0009102564102564102,0.007655195703733526,0.01893356081231032,39,39,392
2025-10-10,2025-10-03,-0.033614848975573944,-0.0347752793674346,0.0005802151959303295,1.8974358974358974,0.0009487179487179487,-0.0003685027527876192,-0.0011915154379043352,39,39,392
2025-10-17,2025-10-10,0.026555489691730497,-0.002651174503462519,0.014603332097596507,1.846153846153846,0.0009230769230769231,0.013680255174519585,0.2532333876132597,39,39,392
2025-10-24,2025-10-17,0.00823783697608583,0.015345152926199335,-0.0035536579750567523,1.9230769230769231,0.0009615384615384616,-0.004515196436595214,-0.017614447917290797,39,39,392
2025-10-31,2025-10-24,-0.022624932893999274,-0.01858313612450712,-0.002020898384746077,1.8205128205128203,0.0009102564102564101,-0.0029311547950024875,-0.1552476361560708,39,39,392
2025-11-07,2025-10-31,-0.0019077679638672485,0.002464967005895141,-0.002186367484881195,1.8205128205128205,0.0009102564102564102,-0.0030966238951376053,0.032584490815908175,39,39,392
2025-11-14,2025-11-07,-0.0009405795110199754,0.0074613345764724046,-0.00420095704374619,1.8205128205128205,0.0009102564102564102,-0.0051112134540026,-0.02932291403119495,39,39,392
2025-11-21,2025-11-14,-0.019724366077358522,0.00394257736250748,-0.011833471719933,1.7179487179487178,0.0008589743589743589,-0.01269244607890736,-0.07703810621238465,39,39,391
2025-11-28,2025-11-21,0.03187070698851488,0.02308330395778239,0.004393701515366244,1.6666666666666665,0.0008333333333333333,0.003560368182032911,0.13285682165842927,39,39,391
2025-12-05,2025-11-28,-0.010745226809920997,0.03451068282703281,-0.022627954818476903,1.7179487179487178,0.0008589743589743589,-0.023486929177451262,-0.29320624570898596,39,39,391
2025-12-12,2025-12-05,0.004129788480058519,0.012545784304048806,-0.004207997911995144,1.7948717948717947,0.0008974358974358973,-0.005105433809431042,-0.14218383005376065,39,39,391
2025-12-19,2025-12-12,-0.0014351962084633324,-0.001974594492613695,0.00026969914207518135,1.8205128205128205,0.0009102564102564102,-0.0006405572681812289,-0.04048167762088114,39,39,391
2025-12-26,2025-12-19,0.005321963187830406,0.009574714209203949,-0.0021263755106867717,1.8461538461538463,0.0009230769230769232,-0.003049452433763695,-0.026010935406356364,39,39,392
2026-01-02,2025-12-26,-0.006556344492275134,-0.0030407969085977948,-0.0017577737918386697,1.6923076923076923,0.0008461538461538462,-0.002603927637992516,0.013940192738230371,39,39,392
2026-01-09,2026-01-02,0.026541932477743915,0.03915474818048305,-0.006306407851369567,1.7692307692307692,0.0008846153846153846,-0.007191023235984952,0.06351999654160322,39,39,392
2026-01-16,2026-01-09,0.00923632130408361,0.005005744539363348,0.002115288382360131,1.7435897435897434,0.0008717948717948717,0.0012434935105652592,0.08490578441798226,39,39,392
2026-01-23,2026-01-16,0.00250078802933791,-0.007810341247994888,0.005155564638666399,1.7692307692307692,0.0008846153846153846,0.004270949254051014,0.05104371906630493,39,39,392
2026-01-30,2026-01-23,-0.01040322916883373,5.8565211688275625e-05,-0.005230897190261003,1.7179487179487176,0.0008589743589743588,-0.006089871549235362,-0.05201350370881841,39,39,392
2026-02-06,2026-01-30,-0.0023019647124483023,0.04615911547530019,-0.024230540093874247,1.6923076923076923,0.0008461538461538462,-0.025076693940028094,-0.16979324089410072,39,39,392
2026-02-13,2026-02-06,-0.030216818472325685,-0.013019312556515544,-0.00859875295790507,1.692307692307692,0.0008461538461538461,-0.009444906804058916,-0.017964769711402647,39,39,392
2026-02-20,2026-02-13,0.01629678977249136,0.00045135290835161503,0.007922718432069873,1.7692307692307692,0.0008846153846153846,0.007038103047454489,0.28409166520906404,39,39,392
2026-02-27,2026-02-20,-0.0101131210132618,0.013514899500818203,-0.011814010257040002,1.7948717948717947,0.0008974358974358973,-0.012711446154475899,-0.07128633066236782,39,39,392
2026-03-06,2026-02-27,-0.03740130616746718,-0.01546212524151616,-0.01096959046297551,1.7435897435897436,0.0008717948717948718,-0.011841385334770381,-0.20637959797261088,39,39,392
2026-03-13,2026-03-06,-0.03411302640408002,-0.026385030139708443,-0.003863998132185787,1.7435897435897436,0.0008717948717948718,-0.004735793003980659,-0.11594196257992076,39,39,392
2026-03-20,2026-03-13,-0.008958753266052435,-0.018351451875441595,0.00469634930469458,1.7948717948717947,0.0008974358974358973,0.0037989134072586826,0.17501351685712452,39,39,392
2026-03-27,2026-03-20,-0.0007164118023175836,0.007040801594360488,-0.0038786066983390356,1.7435897435897434,0.0008717948717948717,-0.0047504015701339075,0.1345697256665693,39,39,392
2026-04-02,2026-03-27,0.043296269847561485,-0.010783347749274266,0.027039808798417875,1.6666666666666665,0.0008333333333333333,0.026206475465084544,0.32943678633086154,39,39,392
2026-04-10,2026-04-02,0.0009817324336039307,0.027160784912411324,-0.013089526239403697,1.7692307692307692,0.0008846153846153846,-0.013974141624019082,-0.17095447538457798,39,39,392
2026-04-17,2026-04-10,0.05524739685819148,0.029208061979502455,0.013019667439344513,1.7179487179487178,0.0008589743589743589,0.012160693080370153,0.03794481616078226,39,39,392
2026-04-24,2026-04-17,0.0073984253000863405,-0.03205186782836909,0.019725146564227716,1.8205128205128203,0.0009102564102564101,0.018814890153971305,0.139542972847951,39,39,392
2026-05-01,2026-04-24,-0.004127058656181391,0.042789697733752644,-0.023458378194967017,1.9230769230769227,0.0009615384615384614,-0.02441991665650548,-0.24229379770494322,39,39,392
2026-05-08,2026-05-01,-0.008844794302437675,0.009827417061516984,-0.00933610568197733,1.692307692307692,0.0008461538461538461,-0.010182259528131175,-0.04901947503196433,39,39,392
2026-05-15,2026-05-08,0.006725682075496893,-0.01070148210072724,0.008713582088112067,1.769230769230769,0.0008846153846153845,0.007828966703496682,0.06963920996406586,39,39,392
2026-05-22,2026-05-15,0.04942441949090926,0.004791327450943364,0.02231654601998295,1.8205128205128205,0.0009102564102564102,0.02140628960972654,0.3664299622817915,39,39,392
2026-05-29,2026-05-22,-0.00032167874421756696,0.028717623166775483,-0.014519650955496526,1.8974358974358974,0.0009487179487179487,-0.015468368904214474,-0.14824675306564708,39,39,392
2026-06-05,2026-05-29,0.02042005295455046,-0.018795965968749512,0.019608009461649985,1.6666666666666665,0.0008333333333333333,0.018774676128316653,0.27513806717509437,39,39,392
2026-06-12,2026-06-05,0.025994096749677557,0.009557792199888818,0.00821815227489437,1.8974358974358974,0.0009487179487179487,0.007269434326176422,0.14525670872398078,39,39,392
2026-06-18,2026-06-12,-0.025205670666308293,-0.013628057468336792,-0.00578880659898575,1.7692307692307692,0.0008846153846153846,-0.006673421983601135,-0.026963789166512934,39,39,392
2026-06-26,2026-06-18,0.011708344286711636,0.006656886822401822,0.002525728732154907,1.7435897435897436,0.0008717948717948718,0.0016539338603600352,0.06880229688954904,39,39,392
2026-07-02,2026-06-26,0.02724894285017691,0.016378828039195676,0.005435057405490617,1.8974358974358974,0.0009487179487179487,0.004486339456772668,0.010656502893224996,39,39,392
2026-07-10,2026-07-02,0.02176996688628992,-0.01577047603550755,0.018770221460898736,1.846153846153846,0.0009230769230769231,0.017847144537821814,0.272171530411036,39,39,392
2026-07-17,2026-07-10,-0.006769558415602584,0.019307128259339546,-0.013038343337471066,1.9487179487179485,0.0009743589743589743,-0.01401270231183004,-0.14176503658217351,39,39,392
2026-07-24,2026-07-17,0.008930799388075944,-0.002470573915178493,0.005700686651627219,1.692307692307692,0.0008461538461538461,0.004854532805473373,0.0795928726618427,39,39,392
2026-07-31,2026-07-24,0.03336088892315481,-0.006601108893651078,0.019980998908402943,1.6923076923076923,0.0008461538461538462,0.019134845062249096,0.25502175646229286,39,39,392
